,time,theta,torque
0,0.0,1.9198621771937625,-135.0844310926892
1,0.003802588626944027,1.91985926483703,-148.85954939092113
2,0.005833433769567063,1.9198553232691562,-156.72946240965604
3,0.007864278912190098,1.9198497201336633,-164.25967042778365
4,0.007870229735011522,1.9198497012735865,-161.0629486175794
5,0.00787563999736617,1.9198496841143375,-157.76929843208046
6,0.007883229526225114,1.9198496600234265,-153.03052735261954
7,0.007893185396130499,1.9198496283860147,-146.7154676839883
8,0.00790556309599299,1.9198495889969074,-138.82015227654577
9,0.00792030318182055,1.9198495420095396,-129.46418445104257
10,0.00793726982320213,1.9198494878161472,-118.8620837900478
11,0.007956275002289279,1.9198494269737079,-107.2963571075901
12,0.00797710765497773,1.919849360113673,-95.0848006188966
13,0.007999563408332246,1.9198492878486517,-82.54955307610842
14,0.008023443581743006,1.9198492107767817,-70.00759651176526
15,0.0080485718560683,1.9198491294286468,-57.754642960771946
16,0.008074799553391463,1.9198490442499831,-46.05981193499026
17,0.008102008196950105,1.9198489555926357,-35.1650639406049
18,0.008130107901646524,1.9198488637187388,-25.288509239325276
19,0.00815902866000284,1.9198487688281338,-16.630664231201983
20,0.008188738756034908,1.9198486709967448,-9.373182282493865
21,0.008219216962521227,1.919848570266511,-3.691908198465414
22,0.008250467956268711,1.9198484665935893,-0.0
23,0.008283155968595786,1.919848357732407,-0.0
24,0.008316551699339795,1.9198482460697024,-0.0
25,0.008350747835754908,1.9198481312650957,-0.0
26,0.008385871283952151,1.9198480128567803,-0.0
27,0.008422064588515259,1.9198478903217555,-0.0
28,0.008459522587177453,1.9198477629492243,-0.0
29,0.008498404885130456,1.9198476301355003,-0.0
30,0.008538919784341273,1.9198474910971017,-0.0
31,0.008581308083559494,1.9198473449216376,-0.0
32,0.008625898521644462,1.9198471903707741,-0.0
33,0.008672993077814118,1.9198470262707275,-0.0
34,0.008723046767471697,1.9198468508799993,-0.0
35,0.008776561138798655,1.919846662246275,-0.0
36,0.008834152044371624,1.9198464579540055,-0.0
37,0.00889650701869484,1.9198462352553496,-0.0
38,0.008964422928619202,1.9198459909135415,-0.0
39,0.009038990367215022,1.9198457205009507,-0.0
40,0.009051508761077959,1.919845674884406,-0.0
41,0.009062932491179121,1.9198456332016707,-0.0
42,0.009128583976966491,1.9198453926340642,-0.0
43,0.009318899473633072,1.9198446854440103,-0.0
44,0.010008185424751447,1.9198420019856766,-0.0
45,0.011812725038270761,1.919834070006744,-0.0
46,0.013794606404218267,1.9198238463373787,-0.0
47,0.016123324158363594,1.919809810337618,-0.0
48,0.020629353131655523,1.9197764418322234,-0.0
49,0.028603320666800672,1.919697315473911,-0.0
50,0.03992195427436301,1.9195408820542479,-0.0
51,0.05083832146770488,1.9193408506498706,-0.0
52,0.061754688661046754,1.9190923863292044,-0.0
53,0.07103452350347991,1.9188429355297842,-0.0
54,0.07766073849469557,1.9186432303540393,-0.0
55,0.08428695348591123,1.9184254741434223,-0.0
56,0.09149584690856527,1.9181679930245743,-0.0
57,0.09686352075218954,1.9179622967802386,-0.0
58,0.1005805566782908,1.9178128400383596,-0.0
59,0.10429759260439206,1.9176576273505235,-0.0
60,0.10818445684852798,1.9174891515120016,-0.0
61,0.11352200416050556,1.9172474847823724,-0.0
62,0.11720309614078427,1.9170738435581647,-0.0
63,0.12088418812106297,1.9168944924604387,-0.0
64,0.12391843885452447,1.9167423529502738,-0.0
65,0.12695268958798597,1.916586314525348,-0.0
66,0.1323175971848791,1.916300851137164,-0.0
67,0.13912338580081388,1.9159210583560324,-0.0
68,0.14604419915990266,1.915514486142984,-0.0
69,0.15296501251899144,1.9150872637646725,-0.0
70,0.1608432838660416,1.9145756460954193,-0.0
71,0.16671442254211982,1.9141767533404,-0.0
72,0.17258556121819804,1.913762723429497,-0.0
73,0.17978344908105023,1.9132343549229578,-0.0
74,0.18808872698916326,1.9125960649445155,-0.0
75,0.19676504228530975,1.91189623775435,-0.0
76,0.2055793892497359,1.9111504289128345,-0.0
77,0.21409572124445986,1.9103961820027124,-0.0
78,0.22207627073468494,1.9096591080482062,-0.0
79,0.22527792480037395,1.9093551176468946,-0.0
80,0.22847957886606296,1.9090463568800606,-0.0
81,0.23264720376205938,1.9086372674319798,-0.0
82,0.23614986294027604,1.9082871523659297,-0.0
83,0.23912520734034515,1.9079852111975355,-0.0
84,0.24210055174041425,1.9076790906518315,-0.0
85,0.24490368254124073,1.9073868533069085,-0.0
86,0.24758025113492935,1.9071043277664173,-0.0
87,0.250192998323143,1.9068252480696406,-0.0
88,0.2527804650748687,1.9065456558691287,-0.0
89,0.2554053424643639,1.9062587454956073,-0.0
90,0.2581245893589046,1.9059580313240372,-0.0
91,0.2605860367252306,1.905682756800446,-0.0
92,0.26316748573296944,1.9053909198655543,-0.0
93,0.26597470600319745,1.9050698981043526,-0.0
94,0.2686472913364929,1.9047607184518018,-0.0
95,0.27324238358158137,1.904220999958842,-0.0
96,0.2782213420114702,1.9036245377429515,-0.0
97,0.28366795708918224,1.9029580958526147,-0.0
98,0.2889682536491599,1.9022954838755148,-0.0
99,0.29701494710623405,1.9012628331801833,-0.0
100,0.30581300974871845,1.9000966468467821,-0.0
101,0.3148108768734183,1.8988635475649092,-0.0
102,0.32441450879296335,1.897501942227241,-0.0
103,0.33379705624719486,1.8961259363191527,-0.0
104,0.34349298537981027,1.8946560701929078,-0.0
105,0.35299804115165456,1.8931675033302326,-0.0
106,0.3629350921537267,1.891560466100583,-0.0
107,0.37340171954355145,1.8898111934044537,-0.0
108,0.3840324930138805,1.8879746250039697,-0.0
109,0.39791317141402777,1.8854851195580293,-0.0
110,0.4126045066657884,1.8827365247355794,-0.0
111,0.4336023078730332,1.8786035120160063,-0.0
112,0.46022811010174847,1.873014259460463,-0.0
113,0.4805032125114629,1.868495799668167,-0.0
114,0.4973791769877749,1.8645619298940195,-0.0
115,0.5124419866305054,1.8609184486855286,-0.0
116,0.527504796273236,1.8571508908968464,-0.0
117,0.543652665550511,1.8529752096056564,-0.0
118,0.5617455927523761,1.8481303617825937,-0.0
119,0.5870875612946044,1.8410542874758298,-0.0
120,0.6081451808590947,1.8349231523388176,-0.0
121,0.6292028004235851,1.8285708978682778,-0.0
122,0.6499681503722357,1.8220977335904056,-0.0
123,0.6689797061119007,1.815996269064926,-0.0
124,0.6875375921646478,1.8098858643416877,-0.0
125,0.7049453004344153,1.8040215759534732,-0.0
126,0.7213208174048374,1.798393320396247,-0.0
127,0.743612733741322,1.7905670856233467,-0.0
128,0.7532850189976139,1.7871153519619019,-0.0
129,0.7629573042539058,1.7836313262127759,-0.0
130,0.7739099996571827,1.7796485103121134,-0.0
131,0.7827947381010478,1.7763894357204304,-0.0
132,0.791679476544913,1.7731059916037317,-0.0
133,0.8000940140111067,1.7699746250839563,-0.0
134,0.8079994385557513,1.7670141542520053,-0.0
135,0.8079994389317925,1.7670141541107651,-0.0
136,0.8079994392722022,1.767014153982908,-0.0
137,0.8079994397447801,1.767014153805409,-0.0
138,0.807999440357817,1.7670141535751538,-0.0
139,0.8079994411104738,1.7670141532924577,-0.0
140,0.8079994419939992,1.7670141529606078,-0.0
141,0.8079994429937148,1.767014152585117,-0.0
142,0.8079994440911773,1.7670141521729128,-0.0
143,0.8079994452661441,1.767014151731598,-0.0
144,0.8079994464981791,1.7670141512688486,-0.0
145,0.8079994477678204,1.7670141507919745,-0.0
146,0.8079994490573567,1.767014150307628,-0.0
147,0.807999450351269,1.7670141498216376,-0.0
148,0.807999451636421,1.7670141493389377,-0.0
149,0.8079994529020647,1.7670141488635651,-0.0
150,0.8079994541397281,1.7670141483987019,-0.0
151,0.8079994553430253,1.7670141479467463,-0.0
152,0.8079994565074262,1.7670141475094001,-0.0
153,0.8079994576300116,1.7670141470877598,-0.0
154,0.8079994587092271,1.7670141466824092,-0.0
155,0.807999459744656,1.7670141462935045,-0.0
156,0.8079994607368094,1.7670141459208542,-0.0
157,0.8079994607462924,1.7670141459172923,-0.0
158,0.807999460752046,1.7670141459151314,-0.0
159,0.807999460756543,1.7670141459134423,-0.0
160,0.8079994607607676,1.7670141459118556,-0.0
161,0.8079994607649295,1.7670141459102924,-0.0
162,0.8079994607716064,1.7670141459077846,-0.0
163,0.8079994607742734,1.767014145906783,-0.0
164,0.8079994607769404,1.7670141459057813,-0.0
165,0.8079994608036102,1.7670141458957642,-0.0
166,0.807999461070308,1.7670141457955932,-0.0
167,0.8079994637372857,1.767014144793883,-0.0
168,0.8079994839766579,1.767014137192024,-0.0
169,0.8079996863703797,1.7670140611734286,-0.0
170,0.8080007521205338,1.767013660880045,-0.0
171,0.80800797575939,1.7670109476890592,-0.0
172,0.8080234653571676,1.767005129763883,-0.0
173,0.8080465570611991,1.7669964563479261,-0.0
174,0.8080531634836693,1.7669939748991887,-0.0
175,0.8080597699061395,1.7669914934383188,-0.0
176,0.8080865607960164,1.7669814302964695,-0.0
177,0.8082587447100079,1.76691675015002,-0.0
178,0.8084441418113425,1.7668470973205679,-0.0
179,0.8087898152521654,1.766717203948371,-0.0
180,0.809155063485186,1.7665799190001585,-0.0
181,0.8095240630706896,1.76644118656128,-0.0
182,0.8098689994507954,1.7663114671309876,-0.0
183,0.8104488052762612,1.7660933469732494,-0.0
184,0.811896800524588,1.7655482147360284,-0.0
185,0.8128048059636654,1.7652060818413267,-0.0
186,0.8133780052063453,1.7649899869538443,-0.0
187,0.8137972134775879,1.764831889817247,-0.0
188,0.8141965392549586,1.764681246705623,-0.0
189,0.8149700201028292,1.7643893332742333,-0.0
190,0.8158840627006234,1.764044163524785,-0.0
191,0.8164395772392437,1.763834274943901,-0.0
192,0.8169455686098419,1.7636430255895086,-0.0
193,0.8169455686430576,1.7636430255769517,-0.0
194,0.8169455686523197,1.7636430255734503,-0.0
195,0.8169455686615819,1.763643025569949,-0.0
196,0.8169455686656774,1.7636430255684006,-0.0
197,0.8169455686690749,1.7636430255671163,-0.0
198,0.8169455686724724,1.763643025565832,-0.0
199,0.8169455686751494,1.7636430255648199,-0.0
200,0.8169455686778265,1.7636430255638078,-0.0
201,0.8169455687045973,1.7636430255536875,-0.0
202,0.8169455687656899,1.7636430255305922,-0.0
203,0.8169455688267825,1.7636430255074969,-0.0
204,0.8169455694377082,1.763643025276544,-0.0
205,0.8169455755469658,1.7636430229670168,-0.0
206,0.8169455815747324,1.7636430206882963,-0.0
207,0.8169455936302656,1.763643016130855,-0.0
208,0.8169456056857989,1.7636430115734136,-0.0
209,0.8169456991452707,1.763642976242245,-0.0
210,0.8169461443481797,1.7636428079388968,-0.0
211,0.8169465121022593,1.7636426689140625,-0.0
212,0.816946879856339,1.763642529889192,-0.0
213,0.8169482266581551,1.7636420207471537,-0.0
214,0.8169565055635557,1.7636388909970528,-0.0
215,0.8169707093508928,1.7636335213671117,-0.0
216,0.8170476630688573,1.763604428682344,-0.0
217,0.8172883242593103,1.7635134354689401,-0.0
218,0.8173030488274651,1.763507867655412,-0.0
219,0.8173177733956198,1.7635022997839969,-0.0
220,0.8173418573301987,1.7634931926858082,-0.0
221,0.8173965107161536,1.7634725254819965,-0.0
222,0.8175165166475622,1.7634271423854961,-0.0
223,0.8177671132752082,1.7633323609281928,-0.0
224,0.8180116283850667,1.7632398635137951,-0.0
225,0.8184019720823883,1.7630921677550593,-0.0
226,0.8188854282988898,1.7629091845622853,-0.0
227,0.8198075935237815,1.7625599828145555,-0.0
228,0.8215793146883882,1.761888445381933,-0.0
229,0.8236242172486706,1.761112341831664,-0.0
230,0.8256691198089531,1.7603351527968374,-0.0
231,0.8275539230736566,1.7596178585957643,-0.0
232,0.8307828027421035,1.7583869518738575,-0.0
233,0.8328614911851298,1.7575931298372478,-0.0
234,0.8340975197147763,1.7571205972057986,-0.0
235,0.8350183806350783,1.7567683069300535,-0.0
236,0.8359392415553802,1.7564158076324092,-0.0
237,0.8368887836666906,1.75605211141635,-0.0
238,0.8385027014513396,1.7554334392063533,-0.0
239,0.8401166192359887,1.7548141351851094,-0.0
240,0.8417005604016279,1.7542057242382567,-0.0
241,0.8433262429972018,1.7535806564425613,-0.0
242,0.8449519255927758,1.7529549618058926,-0.0
243,0.8463296171181217,1.7524242270911343,-0.0
244,0.8471580857134539,1.7521048582479852,-0.0
245,0.847986554308786,1.7517853295073587,-0.0
246,0.8489489245394499,1.751413956851577,-0.0
247,0.850019297558868,1.7510006553230104,-0.0
248,0.8508733890646155,1.750670677291159,-0.0
249,0.8517274805703631,1.7503405322679568,-0.0
250,0.8525474995124994,1.7500234013262361,-0.0
251,0.8537057196180318,1.749575215732162,-0.0
252,0.8550107239507926,1.7490698674707055,-0.0
253,0.8570416479963524,1.7482826554199393,-0.0
254,0.8589951902947595,1.7475245721784403,-0.0
255,0.8602322168855349,1.7470441018017688,-0.0
256,0.8614692434763103,1.746563296373655,-0.0
257,0.862634546698681,1.7461100635642761,-0.0
258,0.8642030454275065,1.7454995482086846,-0.0
259,0.8660428527039709,1.7447827566861729,-0.0
260,0.8674797837031508,1.74422242471396,-0.0
261,0.8689167147023308,1.743661656113504,-0.0
262,0.8701542637028716,1.7431783495588533,-0.0
263,0.8708815994406164,1.7428941499955728,-0.0
264,0.871540376930552,1.74263664393177,-0.0
265,0.8722760426223236,1.742348977096128,-0.0
266,0.8726511419277071,1.7422022592096342,-0.0
267,0.8730262412330906,1.742055512303607,-0.0
268,0.8734149706208765,1.7419034024522815,-0.0
269,0.8738037000086624,1.741751261549043,-0.0
270,0.8741744748618132,1.7416061188111767,-0.0
271,0.8745299140885128,1.7414669529005213,-0.0
272,0.8748588353198221,1.7413381466348852,-0.0
273,0.8751287965362082,1.7412324127413012,-0.0
274,0.8753675466600597,1.7411388907098546,-0.0
275,0.8756062967839111,1.7410453570752356,-0.0
276,0.875837762561728,1.7409546661181754,-0.0
277,0.8760974683723737,1.7408528974382085,-0.0
278,0.8763862875438242,1.7407397042895172,-0.0
279,0.8767720260634354,1.7405885004500061,-0.0
280,0.8774946538663004,1.7403051600327388,-0.0
281,0.8781899796360974,1.7400324253451294,-0.0
282,0.8788663447167298,1.7397670346534895,-0.0
283,0.8795481445438108,1.7394994188253288,-0.0
284,0.8800372457776382,1.739307382713856,-0.0
285,0.8805263470114656,1.7391152989966863,-0.0
286,0.8809411821184397,1.738952344434353,-0.0
287,0.8813560172254139,1.738789355775634,-0.0
288,0.8817537018527792,1.7386330735904896,-0.0
289,0.8823550990202015,1.7383966771402122,-0.0
290,0.8829904421500255,1.7381468599475334,-0.0
291,0.8836752984704417,1.7378774854692782,-0.0
292,0.884519786275877,1.7375451969252047,-0.0
293,0.8852904353292215,1.7372418412072264,-0.0
294,0.8860485900712349,1.736943291278218,-0.0
295,0.8870513865735357,1.7365482345147945,-0.0
296,0.8882523229442788,1.7360748651012106,-0.0
297,0.890418855536202,1.7352201930875806,-0.0
298,0.8924714521359772,1.7344096479605855,-0.0
299,0.894465933170998,1.7336212957174726,-0.0
300,0.8962616637077803,1.732910871279595,-0.0
301,0.8978586421394215,1.7322785783748897,-0.0
302,0.8994556205710627,1.731645819928044,-0.0
303,0.90094632770183,1.7310547515882717,-0.0
304,0.9016060579849587,1.7307930394767181,-0.0
305,0.9022657882680875,1.73053124933745,-0.0
306,0.9030126739458014,1.7302347808678091,-0.0
307,0.9037595596235154,1.7299382130664276,-0.0
308,0.9043929714968097,1.729686625021547,-0.0
309,0.904977561426101,1.7294543658294785,-0.0
310,0.9055156177245678,1.7292405412980432,-0.0
311,0.9060962657140631,1.7290097336134187,-0.0
312,0.906636146779665,1.7287950777150671,-0.0
313,0.9072106608648248,1.7285665957628238,-0.0
314,0.907804256849115,1.7283304645126867,-0.0
315,0.9084524588321116,1.7280725410758195,-0.0
316,0.9090496906552913,1.7278348344429169,-0.0
317,0.910320338093953,1.7273288938844276,-0.0
318,0.9112531531678939,1.72695729305207,-0.0
319,0.9121859682418348,1.7265855432578006,-0.0
320,0.9126744313272845,1.7263908194775157,-0.0
321,0.9131150870590595,1.7262151190881108,-0.0
322,0.913616491472976,1.726015156617214,-0.0
323,0.9140913844403201,1.725825727792353,-0.0
324,0.9148303355222677,1.725530893789812,-0.0
325,0.9156805887865769,1.725191537644519,-0.0
326,0.9164766309131246,1.72487370858275,-0.0
327,0.9172139999450788,1.7245792110030373,-0.0
328,0.9178960637915506,1.7243067211666636,-0.0
329,0.9190038524242091,1.723863986578836,-0.0
330,0.9202600538491689,1.7233616928812134,-0.0
331,0.9215751264731983,1.7228355820613988,-0.0
332,0.922972167129833,1.7222763700062786,-0.0
333,0.9247603751432603,1.721560118997555,-0.0
334,0.9265873379720089,1.720827814411548,-0.0
335,0.9290959137320519,1.7198214320528706,-0.0
336,0.9316302793020433,1.7188036966638314,-0.0
337,0.9347513875359108,1.7175489672288724,-0.0
338,0.9377046087637704,1.7163603527467117,-0.0
339,0.9398776862032504,1.715484885713428,-0.0
340,0.9415740652441943,1.7148009728449785,-0.0
341,0.9432704442851382,1.7141166310343794,-0.0
342,0.9449400407466496,1.7134426778688308,-0.0
343,0.946898558508812,1.712651576292031,-0.0
344,0.9487957100272316,1.7118847293526256,-0.0
345,0.9502709758509128,1.7112880528813013,-0.0
346,0.951746241674594,1.7106910637292672,-0.0
347,0.9526536316901199,1.710323719829543,-0.0
348,0.9535610217056457,1.7099562587922668,-0.0
349,0.9542541899062151,1.7096754714021976,-0.0
350,0.9549473581067845,1.709394616097427,-0.0
351,0.9558937098836142,1.7090110675045587,-0.0
352,0.9568135894917842,1.7086381273302502,-0.0
353,0.9587242731439064,1.7078631147649188,-0.0
354,0.9597989979639296,1.7074269612838602,-0.0
355,0.9606503811333151,1.7070813327031127,-0.0
356,0.9614008335183142,1.706776595264481,-0.0
357,0.9620708187560895,1.7065044678575312,-0.0
358,0.9627408039938647,1.7062322789243038,-0.0
359,0.9634183527948192,1.7059569547979738,-0.0
360,0.9641703869766438,1.7056512900027252,-0.0
361,0.9657800265323268,1.7049967927507867,-0.0
362,0.9675514882283242,1.7042760921281555,-0.0
363,0.9693719977948371,1.7035349978672232,-0.0
364,0.9731875192455054,1.7019803419023276,-0.0
365,0.9765052341333085,1.7006269617956329,-0.0
366,0.9798229490211116,1.699272149376466,-0.0
367,0.9831054986499063,1.6979303026489267,-0.0
368,0.9873566338687865,1.6961904781928605,-0.0
369,0.9903000528587839,1.6949845182099803,-0.0
370,0.9926877559874281,1.6940054490139718,-0.0
371,0.9950754591160723,1.69302567389249,-0.0
372,0.9978171831113365,1.6918997642874687,-0.0
373,1.0002132724780466,1.6909150400288617,-0.0
374,1.0023770092086253,1.6900252069338673,-0.0
375,1.0044462351737025,1.6891737121478652,-0.0
376,1.0063652532931855,1.6883835683570103,-0.0
377,1.0082028599564663,1.6876265319790116,-0.0
378,1.0101474788472018,1.686824971395003,-0.0
379,1.0126476340106354,1.6857937622466264,-0.0
380,1.0149655723954218,1.6848370497227547,-0.0
381,1.017085667101704,1.6839614419371034,-0.0
382,1.0191435003849734,1.6831110442048718,-0.0
383,1.0218310114635332,1.6819996875990582,-0.0
384,1.0265102445700076,1.680062696914375,-0.0
385,1.0301053477265156,1.6785727654629141,-0.0
386,1.0337004508830236,1.6770813449129247,-0.0
387,1.0417762226797824,1.6737257248151396,-0.0
388,1.0465004668232998,1.6717592669746877,-0.0
389,1.0512247109668171,1.669790265750472,-0.0
390,1.0557040924748682,1.6679209728460196,-0.0
391,1.0581521024350484,1.6668984270910374,-0.0
392,1.0606001123952287,1.665875198590349,-0.0
393,1.0630073898004473,1.664868329354927,-0.0
394,1.065221595812353,1.6639416303867511,-0.0
395,1.0673518465336043,1.6630495400789664,-0.0
396,1.0696029267882203,1.6621062855609625,-0.0
397,1.071926346894967,1.661132110114082,-0.0
398,1.0742497670017135,1.6601573150694828,-0.0
399,1.0763914914774566,1.6592582008613455,-0.0
400,1.0785975477457603,1.6583315269278558,-0.0
401,1.0807164480823004,1.6574409343837102,-0.0
402,1.0821556474560587,1.6568357297932446,-0.0
403,1.083594846829817,1.656230284977904,-0.0
404,1.0856911501959992,1.655347977879603,-0.0
405,1.0883798791909887,1.654215576830973,-0.0
406,1.0914304623150843,1.6529297513212757,-0.0
407,1.0947578156830868,1.6515260202022128,-0.0
408,1.096032468490454,1.6509879286221028,-0.0
409,1.0973071212978214,1.650449644803865,-0.0
410,1.0983091630125592,1.6500263489777494,-0.0
411,1.099080918537932,1.6497002524279645,-0.0
412,1.0998526740633048,1.649374085040132,-0.0
413,1.1006721094565661,1.649027689042917,-0.0
414,1.1014384207496677,1.6487036774779087,-0.0
415,1.1024159058416478,1.6482902756535172,-0.0
416,1.1040423501514125,1.647602159993523,-0.0
417,1.1049792118046622,1.6472056487595392,-0.0
418,1.1059160734579119,1.6468090320072493,-0.0
419,1.1074846468768107,1.646144745776393,-0.0
420,1.1085193113483849,1.6457064057818747,-0.0
421,1.109553975819959,1.645267936200635,-0.0
422,1.1105984337623125,1.6448251846425956,-0.0
423,1.1112732091796942,1.644539073082542,-0.0
424,1.111947984597076,1.6442529060998232,-0.0
425,1.1126240732755184,1.6439661265117598,-0.0
426,1.1132813167881184,1.6436872870810975,-0.0
427,1.1139893262433902,1.6433868508248424,-0.0
428,1.114722414508843,1.6430757079824312,-0.0
429,1.1153931825327263,1.6427909578458009,-0.0
430,1.1161111695884027,1.6424861013779621,-0.0
431,1.1168210794752804,1.6421846121455235,-0.0
432,1.1175275469662347,1.6418845232399817,-0.0
433,1.1182336452497035,1.6415845296554725,-0.0
434,1.1192631803373576,1.6411470100142493,-0.0
435,1.120868757564556,1.6404644287868102,-0.0
436,1.122863107657273,1.639616121881557,-0.0
437,1.1255021283045084,1.638492837705298,-0.0
438,1.1284974571330508,1.6372168332007222,-0.0
439,1.1316331958265664,1.6358797988922713,-0.0
440,1.1344771161460097,1.6346661090605346,-0.0
441,1.1373144196149907,1.633454209569496,-0.0
442,1.1400418832348316,1.63228824631789,-0.0
443,1.1428825773256488,1.6310728501615004,-0.0
444,1.1456603776025294,1.6298833419498553,-0.0
445,1.1484016276886941,1.628708488403356,-0.0
446,1.151142877774859,1.6275326378450796,-0.0
447,1.1537261615401955,1.6264236278435698,-0.0
448,1.1548032969245148,1.625960946291594,-0.0
449,1.155880432308834,1.6254981083356879,-0.0
450,1.1568637907217587,1.625075428797837,-0.0
451,1.1579525691128665,1.6246072834526133,-0.0
452,1.158905731399781,1.6241973171742685,-0.0
453,1.1598136365860385,1.623806701456397,-0.0
454,1.1605810032410722,1.6234764630954464,-0.0
455,1.1613483698961058,1.6231461442090283,-0.0
456,1.1622162490229815,1.6227724617254056,-0.0
457,1.1630841281498572,1.6223986758232485,-0.0
458,1.1638848875290064,1.622053705729319,-0.0
459,1.1646425992158174,1.6217271993408158,-0.0
460,1.1657978077636226,1.6212292544716975,-0.0
461,1.1676892797436986,1.6204135488536653,-0.0
462,1.1698886173844925,1.6194644486599854,-0.0
463,1.1720879550252863,1.618514671759296,-0.0
464,1.1740977255777516,1.6176461640181037,-0.0
465,1.1769025957422823,1.6164331049449172,-0.0
466,1.1798246549659417,1.6151681731733443,-0.0
467,1.183571515357799,1.6135444021898233,-0.0
468,1.1866660446216215,1.6122018024974052,-0.0
469,1.1884834646454416,1.6114126437304648,-0.0
470,1.1891721482185376,1.6111134781347822,-0.0
471,1.1898229497743846,1.6108307048160646,-0.0
472,1.1903565528153734,1.6105988079782383,-0.0
473,1.1907903343299888,1.6104102614925584,-0.0
474,1.1912241158446042,1.6102216873882687,-0.0
475,1.1916658442885324,1.6100296301750805,-0.0
476,1.1923187419714596,1.6097457070398957,-0.0
477,1.1929082204648453,1.6094893088474134,-0.0
478,1.1934747634062637,1.6092428383683612,-0.0
479,1.1944208427021314,1.608831147645803,-0.0
480,1.1953546803854784,1.6084246540907376,-0.0
481,1.1962403773271777,1.6080389964862576,-0.0
482,1.1968766575229497,1.6077618701443184,-0.0
483,1.1975129377187217,1.607484683619962,-0.0
484,1.1982826312659842,1.6071492968998915,-0.0
485,1.1990981166177734,1.6067938604760212,-0.0
486,1.2001606046600655,1.6063306167784042,-0.0
487,1.2013460227738813,1.6058135763226247,-0.0
488,1.2027513244879628,1.6052003568167181,-0.0
489,1.205119027025902,1.6041665105969969,-0.0
490,1.2064888162166327,1.6035680121661589,-0.0
491,1.2078586054073635,1.6029692296224762,-0.0
492,1.209361350481252,1.6023119997899944,-0.0
493,1.2110121484967913,1.6015896224055082,-0.0
494,1.2125045919526751,1.600936181892498,-0.0
495,1.2145008412186526,1.600061625814107,-0.0
496,1.2164970904846302,1.5991864580554838,-0.0
497,1.2189797183607083,1.5980972027146747,-0.0
498,1.2231060050650586,1.596284681628018,-0.0
499,1.2268448953326083,1.5946400441483355,-0.0
500,1.2337573095506575,1.5915937030647183,-0.0
501,1.2408948523400027,1.588440259037162,-0.0
502,1.2465469118850554,1.5859374021011037,-0.0
503,1.2507169264241942,1.5840875790444708,-0.0
504,1.25247151052519,1.5833084181025696,-0.0
505,1.2542260946261858,1.5825287680075504,-0.0
506,1.2557555234964515,1.58184876666463,-0.0
507,1.2572849523667171,1.5811683936459322,-0.0
508,1.258734304811503,1.5805233000373053,-0.0
509,1.260037352539996,1.5799430405270196,-0.0
510,1.261340400268489,1.579362511455574,-0.0
511,1.2634857558853312,1.5784061335376531,-0.0
512,1.2662136578211047,1.5771890087484268,-0.0
513,1.2689415597568783,1.5759707062564605,-0.0
514,1.2716890149864637,1.574742483241044,-0.0
515,1.2748574355970195,1.5733245957812558,-0.0
516,1.2766478846359282,1.572522661872411,-0.0
517,1.2784383336748368,1.5717202260596077,-0.0
518,1.2811974108388404,1.570482695058027,-0.0
519,1.2845218502590627,1.5689900103331804,-0.0
520,1.2888349380138537,1.5670508766018363,-0.0
521,1.2938950544376637,1.5647722578965106,-0.0
522,1.297358443243852,1.5632104290017843,-0.0
523,1.3008218320500404,1.5616468080036794,-0.0
524,1.3060350503037603,1.5592898570151965,-0.0
525,1.3108046890474065,1.5571300069578151,-0.0
526,1.3134632936683859,1.5559247001649825,-0.0
527,1.3160268397169848,1.5547615538699062,-0.0
528,1.3180381249073334,1.5538483478624032,-0.0
529,1.320049410097682,1.5529345908865468,-0.0
530,1.3220342247296692,1.552032326290763,-0.0
531,1.3246586548729389,1.5508385005568381,-0.0
532,1.327438032687738,1.5495732113788852,-0.0
533,1.3305628027077352,1.5481495071868474,-0.0
534,1.3342965238962332,1.546446759862087,-0.0
535,1.338444844530439,1.5445529663359905,-0.0
536,1.34227555859737,1.5428023940682607,-0.0
537,1.3483051424256272,1.5400436999713805,-0.0
538,1.3527648911254826,1.538000820203237,-0.0
539,1.3550761665828646,1.5369413290202547,-0.0
540,1.3568797192945345,1.536114232406558,-0.0
541,1.3586832720062045,1.5352868425614077,-0.0
542,1.3608241963763121,1.5343043141428248,-0.0
543,1.36363114488427,1.5330155511229824,-0.0
544,1.3665973642012221,1.531652988272416,-0.0
545,1.369869583088546,1.530149114568581,-0.0
546,1.3709784080594432,1.529639344964362,-0.0
547,1.3720872330303404,1.5291294953995795,-0.0
548,1.3734032224168977,1.5285242893760593,-0.0
549,1.3745110027612288,1.5280147549163392,-0.0
550,1.375226577118566,1.527685581482663,-0.0
551,1.3759381092207268,1.5273582388705365,-0.0
552,1.3771451487017536,1.5268028732525771,-0.0
553,1.3788481310273715,1.5260191925277806,-0.0
554,1.3811072203609878,1.5249793853283797,-0.0
555,1.3849160037029775,1.5232257971506171,-0.0
556,1.3889613314879652,1.5213627491813029,-0.0
557,1.3931273648703866,1.5194436805626863,-0.0
558,1.3980634326449937,1.5171695824863753,-0.0
559,1.403035684003643,1.5148787768703538,-0.0
560,1.404986988143333,1.513979840430122,-0.0
561,1.406938292283023,1.5130809730805377,-0.0
562,1.4100095838867643,1.511666377845659,-0.0
563,1.4132150502483805,1.5101903215411305,-0.0
564,1.4175510034283694,1.5081944315403275,-0.0
565,1.4215259009246726,1.5063656914868895,-0.0
566,1.4247807829631365,1.5048690447695365,-0.0
567,1.4263102451496243,1.504166071051626,-0.0
568,1.4278397073361122,1.5034633054511162,-0.0
569,1.4293472042701523,1.5027708491783018,-0.0
570,1.4309688860672123,1.5020261980017864,-0.0
571,1.4329668524814028,1.5011091498253522,-0.0
572,1.4365078497539374,1.499485006092801,-0.0
573,1.4413792922087973,1.497253300227773,-0.0
574,1.4462507346636573,1.4950251259612086,-0.0
575,1.4556836604586938,1.49072248240773,-0.0
576,1.4632949419011447,1.4872644180549293,-0.0
577,1.4708707632198064,1.483836920359274,-0.0
578,1.4757978677156276,1.4816165913984893,-0.0
579,1.4807249722114488,1.4794039883836898,-0.0
580,1.485638865528634,1.4772056933049507,-0.0
581,1.4913042291128533,1.474682516420675,-0.0
582,1.4947704245780544,1.4731452009038368,-0.0
583,1.4981430624885654,1.4716543610986885,-0.0
584,1.5030608014951037,1.469489848186389,-0.0
585,1.5056138658979306,1.4683707224277651,-0.0
586,1.5070255601417861,1.467753314675567,-0.0
587,1.5084372543856417,1.4671369304368147,-0.0
588,1.5105269668865096,1.4662264253989425,-0.0
589,1.512827044892565,1.4652269809027454,-0.0
590,1.5156973221329224,1.463983892903693,-0.0
591,1.5177493886803002,1.463098057408391,-0.0
592,1.5193377716874912,1.4624140868954714,-0.0
593,1.520732179506709,1.4618148936991608,-0.0
594,1.5220293832696479,1.4612585380580947,-0.0
595,1.523971479626534,1.4604275558116167,-0.0
596,1.5267703825580174,1.4592341997564107,-0.0
597,1.5329461129813422,1.456619545426142,-0.0
598,1.5366291247993946,1.4550729421006798,-0.0
599,1.540312136617447,1.453536310597616,-0.0
600,1.5450887198834442,1.4515589343906754,-0.0
601,1.5470975977630708,1.4507327437996462,-0.0
602,1.5489236897691456,1.449984601341843,-0.0
603,1.5539754860140385,1.4479295952776077,-0.0
604,1.5606446406774444,1.4452512427980073,-0.0
605,1.5663251093554356,1.4430027554053877,-0.0
606,1.5720055780334268,1.4407861741490533,-0.0
607,1.578744219799688,1.4382003464168907,-0.0
608,1.5840635719829341,1.4361943560915447,-0.0
609,1.5888469050310332,1.434418299024482,-0.0
610,1.593315853671004,1.4327837013948437,-0.0
611,1.5975683500452507,1.431251248583885,-0.0
612,1.6011136282529206,1.4299913174149237,-0.0
613,1.6046589064605905,1.42874790504266,-0.0
614,1.6089803387128,1.427255239328011,-0.0
615,1.6154251721547075,1.4250775951510364,-0.0
616,1.6218737316134424,1.4229590730181951,-0.0
617,1.632942891519253,1.419470856540932,-0.0
618,1.6438317198534442,1.4162331712118934,-0.0
619,1.6547205481876355,1.4131998467339946,-0.0
620,1.6615079846058665,1.4114177133865435,-0.0
621,1.6682954210240974,1.4097223867915898,-0.0
622,1.6743154975517973,1.408293548974921,-0.0
623,1.6803355740794972,1.4069369579163766,-0.0
624,1.6878030568463802,1.4053572337989972,-0.0
625,1.692604600667162,1.4044031346866934,-0.0
626,1.6957338957711063,1.4038077693030604,-0.0
627,1.6988631908750507,1.4032335319114992,-0.0
628,1.7052330072024855,1.4021307939288215,-0.0
629,1.7116925153101012,1.4011045604837884,-0.0
630,1.720789292680778,1.3998196266902718,-0.0
631,1.7279560191640233,1.3989417585620347,-0.0
632,1.7351227456472686,1.3981843325131267,-0.0
633,1.7431872386577627,1.3974779626645975,-0.0
634,1.7512517316682568,1.3969278972007049,-0.0
635,1.7627142119373145,1.396417781096482,-0.0
636,1.7752605349967894,1.3962278399708712,-0.0
637,1.787399922557791,1.3964116536540152,-0.0
638,1.7945229344862939,1.3966874652753254,-0.0
639,1.7993049246574524,1.3969419997267685,-0.0
640,1.804086914828611,1.3972519955674587,-0.0
641,1.811225925682482,1.3978173554751,-0.0
642,1.822263019350722,1.398930636176713,-0.0
643,1.8304246194851939,1.3999379392986442,-0.0
644,1.835817658733411,1.4006879971496087,-0.0
645,1.841210697981628,1.401504269201305,-0.0
646,1.8475068975794469,1.4025397858510236,-0.0
647,1.8545474874719146,1.4038011905042336,-0.0
648,1.8620248884063801,1.4052579097775613,-0.0
649,1.8679106753980426,1.4064874336867181,-0.0
650,1.873796462389705,1.4077882684101122,-0.0
651,1.877148854187884,1.4085604456936722,-0.0
652,1.880501245986063,1.4093549213932213,-0.0
653,1.8842117300170678,1.4102598778808266,-0.0
654,1.8891976723418982,1.4115175486013478,-0.0
655,1.8954573122632494,1.4131625702499095,-0.0
656,1.9028811154850975,1.4152060495557162,-0.0
657,1.9112626597169755,1.4176293501509585,-0.0
658,1.9154387036241678,1.4188811104998729,-0.0
659,1.9183775766043196,1.4197792124232518,-0.0
660,1.9211560807242642,1.4206411099583804,-0.0
661,1.930237032427404,1.4235422921601564,-0.0
662,1.9400298424225753,1.4268090666873383,-0.0
663,1.9491140344312243,1.4299599241502057,-0.0
664,1.957436619025976,1.4329420568069478,-0.0
665,1.962800238519324,1.4349096289800973,-0.0
666,1.968163858012672,1.4369112777918749,-0.0
667,1.9750631930421911,1.4395338138400962,-0.0
668,1.9829952317128114,1.4426116535736226,-0.0
669,1.9877476385623394,1.444486074822158,-0.0
670,1.9925000454118673,1.446382069645616,-0.0
671,1.9999306202442126,1.4493875195839183,-0.0
672,2.0081013019017653,1.4527463149699757,-0.0
673,2.0173517268430987,1.4566116463819567,-0.0
674,2.0268333708789736,1.4606362478513966,-0.0
675,2.0390812370009446,1.4659183049307505,-0.0
676,2.053969553253722,1.4724476481791722,-0.0
677,2.066461764056182,1.4780027952716264,-0.0
678,2.078162176684207,1.4832577541238534,-0.0
679,2.0946809652779894,1.490744347417705,-0.0
680,2.109805353046914,1.497650728531997,-0.0
681,2.125462182332904,1.504835199899121,-0.0
682,2.1406050699777435,1.5118036488352402,-0.0
683,2.1535013858440557,1.5177446701465456,-0.0
684,2.166397701710368,1.5236849289817742,-0.0
685,2.181012445314248,1.5304090359607814,-0.0
686,2.2007024609198234,1.5394442977167921,-0.0
687,2.2211897031064645,1.5488038897866179,-0.0
688,2.241488104151479,1.5580252912427255,-0.0
689,2.262128840234622,1.5673420292734765,-0.0
690,2.286254247344242,1.5781489717348516,-0.0
691,2.315542906781856,1.5911451478560021,-0.0
692,2.349225227693861,1.605924667836241,-0.0
693,2.4156081348944336,1.6345673355185046,-0.0
694,2.4717355069079163,1.6583384449820955,-0.0
695,2.527862878921399,1.681742064798813,-0.0
696,2.5853394322605716,1.7053232921245025,-0.0
697,2.6460887911239204,1.7297522379348427,-0.0
698,2.7245250787558253,1.7602886034593903,-0.0
699,2.845065666485462,1.8039175251209891,-0.0
700,2.9603710980236064,1.8402354130455933,-0.0
701,3.075676529561751,1.8698257796859574,-0.0
702,3.1919864409805814,1.8923116563774187,-0.0
703,3.302405311502783,1.9070691157135518,-0.0
704,3.3961359920205867,1.9150100306792128,-0.0
705,3.4898666725383904,1.9191245610729488,-0.0
706,3.5363736251619997,1.9198229275712673,-0.0
707,3.582880577785609,1.9196483650444807,-0.0
708,3.6626825037474804,1.9173007119373684,-0.0
709,3.744541829160625,1.912104441349852,-0.0
710,3.835540491219024,1.902764812809521,-0.0
711,3.9360509732602362,1.8876747076853544,-0.0
712,4.050505483097247,1.8638914027008637,-0.0
713,4.198641967793901,1.8226167330197378,-0.0
714,4.3220042780083565,1.780459227697432,-0.0
715,4.445366588222812,1.7333897009748933,-0.0
716,4.565787700868364,1.6846277150194693,-0.0
717,4.692168379126056,1.6315134147377424,-0.0
718,4.820403603918017,1.5754582022402328,-0.0
719,4.948638828709977,1.5170497833343035,-0.0
720,5.0,1.4934568675910946,-0.0
